group,child,parent
647,backfire,blast
647,airburst,blast
647,fragmentation,blast
647,bomb blast,blast
647,backblast,blast
647,blowback,blast
647,inflation,blast
647,big bang,explosion
647,nuclear explosion,explosion
647,explosion,blast
648,Pick's disease,type of dementia
648,senile dementia,type of dementia
648,Alzheimer's disease,type of dementia
648,alcoholic dementia,type of dementia
648,presenile dementia,type of dementia
648,dementia,type of derangement
648,derangement,type of irrationality
648,insanity,type of irrationality
648,craziness,type of irrationality
648,lunacy,type of irrationality
648,irrationality,type of derangement
649,radius,semidiameter
649,diameter,length
649,circumference,length
649,radius,length
649,extension,length
649,elongation,length
649,shortness,extension
649,longness,extension
649,radius of curvature,radius
649,coextension,extension
649,windage,bore
650,social insurance,social welfare
650,survivors insurance,social insurance
650,old-age insurance,social insurance
650,dole,relief
650,Medicaid,health care
650,social welfare,relief
650,relief,social welfare
650,Medicare,health care
650,national insurance,social insurance
650,supplementary benefit,social welfare
650,primary health care,health care
650,Social Security,social insurance
650,health care,social welfare
650,disability insurance,social insurance
650,unemployment compensation,social insurance
651,helmet,armor plate
651,faceplate,helmet
651,heaume,helmet
651,sallet,helmet
651,casquet,helmet
651,morion,helmet
651,basinet,helmet
651,beaver,helmet
651,visor,helmet
651,pickelhaube,helmet
651,gorget,armor plate
651,plastron,armor plate
651,breastplate,armor plate
651,backplate,armor plate
651,skirt of tasses,armor plate
651,tuille,armor plate
651,armet,helmet
651,vambrace,armor plate
651,rerebrace,armor plate
651,pallette,armor plate
651,cuisse,armor plate
651,greave,armor plate
651,cubitiere,armor plate
651,knee piece,armor plate
651,solleret,armor plate
651,chanfron,armor plate
651,tasset,armor plate
651,roundel,armor plate
651,brassard,armor plate
652,Caloscypha fulgens,discomycete
652,Rufous rubber cup,discomycete
652,Urnula craterium,discomycete
652,Sarcoscypha coccinea,discomycete
652,Peziza domicilina,discomycete
652,Mitrula elegans,discomycete
652,devil's cigar,discomycete
652,devil's urn,discomycete
652,soldier grainy club,grainy club
652,Galiella rufa,discomycete
652,winter urn,discomycete
652,blood cup,discomycete
652,black felt cup,discomycete
652,Jafnea semitosta,discomycete
652,Aleuria aurantia,discomycete
652,charred pancake cup,discomycete
652,grainy club,ascomycete
652,ascomycete,fungus
652,discomycete,fungus
652,Sarcosomataceae,discomycete
652,Clavicipitaceae,ascomycete
652,Leotia lubrica,discomycete
652,Geglossaceae,discomycete
653,teaching reading,teaching
653,Hebrew lesson,language lesson
653,spoonfeeding,teaching
653,catechesis,teaching
653,language teaching,teaching
653,catechetical instruction,teaching
653,sleep-learning,teaching
653,golf lesson,lesson
653,French lesson,language lesson
653,tennis lesson,lesson
653,language lesson,lesson
653,piano lesson,music lesson
653,whole-word method,teaching
653,chalk talk,lecture
653,violin lesson,music lesson
653,brainwashing,indoctrination
653,phonics,teaching
653,German lesson,language lesson
653,music lesson,lesson
653,lecture,teaching
653,indoctrination,teaching
653,talk,lesson
653,tutelage,teaching
653,dance lesson,lesson
654,electrotherapist,therapist
654,herbalist,therapist
654,chiropractor,therapist
654,osteopath,therapist
654,masseur,massager
654,physical therapist,therapist
654,naturopath,therapist
654,psychotherapist,therapist
654,naprapath,therapist
654,masseuse,massager
654,sangoma,therapist
654,speech therapist,therapist
654,curandera,therapist
654,curandero,therapist
654,alleviator,therapist
655,annulet,charge
655,quartering,ordinary
655,fesse,ordinary
655,charge,heraldry
655,chevron,ordinary
655,bend,ordinary
655,heraldry,coat of arms
655,fleur-de-lis,charge
655,coat of arms,heraldry
655,bar sinister,ordinary
656,Catholic Church,church
656,Eastern Church,church
656,Orthodox Church,church
656,Greek Orthodox Church,Eastern Church
656,Russian Orthodox Church,Eastern Church
656,Nestorian Church,Eastern Church
656,Armenian Church,Eastern Church
656,Uniat Church,Eastern Church
656,Old Catholic Church,Catholic Church
656,Coptic Church,Eastern Church
656,Protestant Church,church
656,Roman Catholic,Catholic Church
656,Unification Church,Protestant Church
656,Pentecostal religion,Protestant Church.
657,fish knife,knife
657,wooden spoon,spoon
657,teaspoon,spoon
657,spoon,cutlery
657,iced-tea spoon,spoon
657,tea maker,spoon
657,table knife,knife
657,butter knife,knife
657,carving fork,fork
657,salad fork,fork
657,Spork,spoon
657,case knife,knife
657,fork,cutlery
657,tablefork,fork
657,sugar spoon,spoon
657,runcible spoon,spoon
657,toasting fork,fork
657,tablespoon,spoon
657,soupspoon,spoon
657,steak knife,knife
657,dessert spoon,spoon
658,flourish,swoop
658,partita,part
658,vamp,accompaniment
658,theme song,tune
658,figured bass,bass
658,obbligato,accompaniment
658,secondo,part
658,motif,theme
658,part,accompaniment
658,diminution,variation
658,leitmotiv,motif
658,tune,theme
658,variation,theme
658,canto,voice part
658,roulade,variation
658,inversion,variation
658,theme,statement
658,accompaniment,part
658,primo,part
658,ground bass,bass
658,statement,theme
658,voice part,part
658,descant,voice part
658,signature,theme
658,glissando,swoop
658,bass,voice part
659,diapason,organ stop
659,dulciana,organ stop
659,vox humana,organ stop
659,reed pipe,organ pipe
659,organ pipe,organ stop
659,sourdine,flue stop
659,flue pipe,organ pipe
659,flue stop,organ stop
659,reed stop,organ stop
659,vox angelica,organ stop
660,heat exhaustion,breakdown
660,heatstroke,breakdown
660,nervous breakdown,breakdown
660,neurasthenia,breakdown
660,sunstroke,breakdown
660,hypovolemic shock,shock
660,algidity,breakdown
660,nervous exhaustion,breakdown
660,distributive shock,shock
660,insulin shock,shock
660,obstructive shock,shock
660,shock,breakdown
660,collapse,breakdown
660,cardiogenic shock,shock
661,hand calculator,calculator
661,adding machine,calculator
661,abacus,calculator
661,pulse counter,counter
661,subtracter,calculator
661,Napier's bones,calculator
661,quipu,calculator
661,scaler,calculator
661,adder,calculator
662,monofocal lens implant,lens implant
662,accommodating lens implant,lens implant
662,multifocal lens implant,lens implant
662,breast implant,implant
662,peg,implant
662,obturator,prosthesis
662,shunt,implant
662,glass eye,implant
662,penile implant,implant
662,artificial joint,prosthesis
662,prosthesis,implant
662,Jarvik heart,artificial heart
662,heart valve,implant
662,dental implant,implant
662,lens implant,implant
663,Scotch terrier,terrier
663,silky terrier,terrier
663,rat terrier,terrier
663,fox terrier,terrier
663,wire-haired fox terrier,fox terrier
663,smooth-haired fox terrier,fox terrier
663,wirehair,terrier
663,Boston bull,terrier
663,Airedale,terrier
663,Border terrier,terrier
663,Clydesdale terrier,terrier
663,bullterrier,terrier
663,Yorkshire terrier,terrier
663,Norwich terrier,terrier
663,Manchester terrier,terrier
663,Skye terrier,terrier
663,Dandie Dinmont,terrier
663,Australian terrier,terrier
663,Bedlington terrier,terrier
663,Staffordshire bullterrier,terrier
663,American Staffordshire terrier,terrier
663,Sealyham terrier,terrier
663,Norfolk terrier,terrier
663,West Highland white terrier,terrier
663,Welsh terrier,terrier
663,Lhasa,terrier
663,giant schnauzer,schnauzer
663,miniature schnauzer,schnauzer
663,standard schnauzer,schnauzer
663,schnauzer,terrier
663,Irish terrier,terrier
663,Kerry blue terrier,terrier
663,soft-coated wheaten terrier,terrier
663,Tibetan terrier,terrier
663,Lakeland terrier,terrier
663,toy Manchester,terrier
664,calcite,spar
664,Iceland spar,calcite
664,chalk,spar
664,feldspar,spar
664,plagioclase,feldspar
664,albite,feldspar
664,orthoclase,feldspar
664,alabaster,spar
664,moonstone,feldspar
665,ancien regime,government
665,puppet government,government
665,totalitarian state,government
665,military government,government
665,government-in-exile,government
665,local government,government
665,municipal government,local government
665,welfare state,government
665,state government,local government
665,United States government,federal government
665,empire,government
665,authoritarian state,government
665,federal government,government
665,commission plan,government
665,papacy,government
665,bureaucracy,government
665,state,government
665,government,state
665,Court of Saint James's,court
665,Soviets,court
665,town meeting,court
665,Downing Street,court
665,Porte,court
665,palace,court
665,Capital,court
666,tongue and groove joint,joint
666,rabbet joint,joint
666,strap hinge,hinge
666,positive pole,anode
666,butt weld,weld
666,thermojunction,junction
666,junction barrier,junction
666,ball-and-socket joint,joint
666,hinge,joint
666,fish joint,joint
666,distributor point,contact
666,welt,seam
666,tread,joint
666,butt joint,joint
666,contact,electrical contact
666,splice,joint
666,scarf joint,joint
666,lap joint,joint
666,knuckle joint,joint
666,p-n junction,junction
666,terminal,contact
666,butt hinge,hinge
666,weld,joint
666,joint,connection
666,electrical contact,contact
666,mortise joint,joint
666,toggle joint,joint
666,junction,connection
666,fell,seam
666,tee hinge,hinge
666,anode,positive pole
666,wiper,contact
666,negative pole,cathode
666,short circuit,junction
666,spot weld,weld
666,sound bow,joint
666,dovetail,joint
666,miter joint,joint
666,seam,joint
666,suture,joint
667,hypoxia,suffocation
667,anoxia,suffocation
667,ischemic anoxia,anoxia
667,anemic anoxia,anoxia
667,ischemic hypoxia,hypoxia
667,anemic hypoxia,hypoxia
667,hypoxic hypoxia,hypoxia
667,anoxic anoxia,anoxia
667,mountain sickness,hypoxia
667,altitude sickness,hypoxia
667,starvation,undernourishment
667,hunger,undernourishment
667,thirst,dehydration
667,dehydration,undernourishment
667,undernourishment,hunger
667,sex drive,drive
667,drive,emptiness
667,polydipsia,thirst
667,edacity,hunger
667,bulimia,hunger
668,photoelectric emission,photoemission
668,thermionic emission,emission
668,secondary emission,emission
668,field emission,emission
668,alpha radiation,corpuscular radiation
668,beta radiation,corpuscular radiation
668,neutron radiation,corpuscular radiation
668,emission,radiation
669,coherence,consistency
669,contact,connection
669,association,connection
669,continuity,consistency
669,union,alliance
669,coalition,alliance
669,synapse,interconnection
669,junction,interconnection
669,tangency,connection
669,connection,interconnection
669,marriage,alliance
669,concatenation,connection
669,osculation,connection
669,alliance,connection
669,neuromuscular junction,junction
669,anastomosis,junction
669,federalization,union
669,syncretism,coherence
670,rounders,ball game
670,stickball,ball game
670,hardball,baseball
670,perfect game,no-hit game
670,steal,baseball
670,four-hitter,baseball
670,professional baseball,baseball
670,two-hitter,baseball
670,five-hitter,baseball
670,ball game,ball
670,one-hitter,baseball
670,three-hitter,baseball
670,daisy cutter,baseball
670,softball,ball game
670,baseball,ball game
671,serve,tennis stroke
671,drop shot,tennis stroke
671,drive,tennis stroke
671,backhand drive,drive
671,overhead,tennis stroke
671,double fault,fault
671,let,tennis stroke
671,backhand,tennis stroke
671,lob,tennis stroke
671,half volley,ground stroke
671,fault,tennis stroke
671,passing shot,ground stroke
671,two-handed backhand,backhand
671,footfault,fault
671,ground stroke,tennis stroke
671,return,tennis stroke
671,get,tennis stroke
671,forehand,tennis stroke
671,chop,tennis stroke
671,ace,tennis stroke
671,forehand drive,drive
671,volley,tennis stroke
672,eyesight,sight
672,stereoscopic vision,binocular vision
672,distance vision,foveal vision
672,binocular vision,sight
672,achromatic vision,color vision
672,peripheral vision,sight
672,twenty-twenty,acuity
672,monocular vision,sight
672,night vision,sight
672,near vision,foveal vision
672,acuity,sight
672,stigmatism,acuity
672,central vision,foveal vision
672,sight,modality
672,absolute pitch,hearing
672,touch,somatosense
672,hearing,modality
672,taste,modality
672,color vision,sight
672,somatosense,modality
672,oxyopia,acuity
672,smell,modality
672,kinesthesia,somatosense
672,ear,hearing
672,nose,smell
673,thioridazine,major tranquilizer
673,temazepam,benzodiazepine
673,pimozide,major tranquilizer
673,loxapine,major tranquilizer
673,estazolam,benzodiazepine
673,oxazepam,benzodiazepine
673,alprazolam,benzodiazepine
673,diazepam,benzodiazepine
673,clozapine,major tranquilizer
673,chlordiazepoxide,benzodiazepine
673,meprobamate,minor tranquilizer
673,flurazepam,benzodiazepine
673,hydroxyzine hydrochloride,tranquilizer
673,lorazepam,benzodiazepine
673,haloperidol,major tranquilizer
673,molindone,major tranquilizer
673,triazolam,benzodiazepine
673,nitrazepam,benzodiazepine
673,buspirone,minor tranquilizer
673,prochlorperazine,major tranquilizer
673,midazolam,benzodiazepine
673,fluphenazine,major tranquilizer
673,perphenazine,major tranquilizer
673,chlorpromazine,major tranquilizer
674,light beer,beer
674,draft beer,beer
674,ale,beer
674,Pilsner,beer
674,Burton,beer
674,Munich beer,beer
674,stout,beer
674,malt,beer
674,bock,beer
674,Weizenbier,beer
674,porter,beer
674,Weizenbock,bock
674,pale ale,ale
674,Oktoberfest,beer
674,lager,beer
674,Guinness,stout
674,bitter,beer
674,suds,beer
674,Weissbier,Weizenbier
674,beer,alcohol
675,Federal Bureau of Investigation,law enforcement agency
675,Federal Law Enforcement Training Center,law enforcement agency
675,Scotland Yard,law enforcement agency
675,Financial Crimes Enforcement Network,law enforcement agency
675,police,law enforcement agency
675,Gestapo,secret police
675,Bureau of Alcohol Tobacco and Firearms,law enforcement agency
675,Federal Bureau of Prisons,law enforcement agency
675,Federal Judiciary,law enforcement agency
675,Royal Canadian Mounted Police,law enforcement agency
675,Europol,law enforcement agency
675,Drug Enforcement Administration,law enforcement agency
675,posse,law enforcement agency
675,Criminal Investigation Command,law enforcement agency
675,Schutzstaffel,secret police
675,Mutawa'een,law enforcement agency
675,National Institute of Justice,law enforcement agency
675,United States Marshals Service,law enforcement agency
675,gendarmerie,law enforcement agency.
676,raw beauty,beauty
676,sultriness,sex appeal
676,appeal,attractiveness
676,spiff,attractiveness
676,winsomeness,pleasingness
676,pulchritude,beauty
676,comeliness,beauty
676,bewitchery,charisma
676,picturesqueness,beauty
676,adorability,pleasingness
676,prettiness,beauty
676,exquisiteness,beauty
676,glamor,attractiveness
676,sex appeal,attractiveness
676,curvaceousness,beauty
676,siren call,bewitchery
676,handsomeness,beauty
676,charisma,attractiveness
677,Trotsky,Bolshevik
677,Jaffar,extremist
677,Robespierre,Jacobin
677,Trotskyite,Trotsky
677,revolutionist,extremist
677,Bolshevik,revolutionist
677,Sacco,anarchist
677,Zapata,insurgent
677,Turner,mutineer
677,Marx,revolutionist
677,Tucker,anarchist
677,Danton,Jacobin
677,bin Laden,terrorist
677,young Turk,radical
677,Zhou En-lai,revolutionist
677,Goldman,anarchist
677,Villa,insurgent
677,Kropotkin,anarchist
677,insurgent,revolutionist
677,hacker,sleeper
677,Guevara,revolutionist
677,Vanzetti,anarchist
677,sleeper,terrorist
677,Corday,counterrevolutionist
677,Young Turk,radical
677,radical,revolutionist
677,Marti,radical
677,Sanchez,radical
677,Marat,radical
677,Vesey,radical
677,anarchist,revolutionist
677,suicide bomber,terrorist
677,Wallace,radical
677,Mao,revolutionist
677,Girondist,counterrevolutionist
677,leveler,counterrevolutionist
677,Mirabeau,counterrevolutionist
677,Bakunin,anarchist
677,kamikaze,terrorist
677,terrorist,counterrevolutionist
677,Wobbly,radical
677,dynamiter,terrorist
677,counterrevolutionist,revolutionist
678,adoption,blessing
678,embrace,reward
678,backing,support
678,idealization,glorification
678,reward,blessing
678,admiration,glorification
678,sentimentalization,glorification
678,adoration,glorification
678,glorification,blessing
678,carrot,reward
679,procarbazine,alkylating agent
679,lomustine,alkylating agent
679,mercaptopurine,antimetabolite
679,periwinkle plant derivative,antineoplastic
679,vinblastine,antineoplastic
679,mithramycin,antineoplastic antibiotic
679,antineoplastic,cytotoxic drug
679,chlorambucil,alkylating agent
679,thiotepa,alkylating agent
679,antineoplastic antibiotic,antineoplastic
679,thioguanine,antimetabolite
679,methotrexate,antimetabolite
679,melphalan,alkylating agent
679,floxuridine,antimetabolite
679,fluorouracil,antimetabolite
679,vincristine,antineoplastic
679,asparaginase,antineoplastic
680,anthozoan,coral
680,gorgonian,coral
680,sea fan,gorgonian
680,sea pen,anthozoan
680,sea anemone,anthozoan
680,sea feather,gorgonian
680,stony coral,coral
680,actinia,sea anemone
680,mushroom coral,stony coral
680,red coral,stony coral
680,brain coral,stony coral
680,staghorn coral,stony coral
681,psychotherapy,therapy
681,family therapy,therapy
681,behavior therapy,therapy
681,play therapy,therapy
681,group therapy,therapy
681,hypnotherapy,therapy
681,implosion therapy,behavior therapy
681,assertiveness training,behavior therapy
681,exposure therapy,behavior therapy
681,aversion therapy,behavior therapy
681,desensitization technique,behavior therapy
681,hypnoanalysis,psychotherapy
681,self-analysis,psychotherapy
681,reciprocal inhibition,behavior therapy
681,crisis intervention,therapy
681,token economy,behavior therapy
681,client-centered therapy,therapy
681,psychoanalysis,psychotherapy
682,Solvay process,industrial process
682,Acheson process,industrial process
682,fractionation,industrial process
682,carbonization,industrial process
682,Haber process,industrial process
682,fractional distillation,industrial process
682,electrostatic precipitation,industrial process
682,cyanide process,industrial process
682,destructive distillation,industrial process
682,Bessemer process,industrial process
683,collision,accident
683,crash,collision
683,fender-bender,collision
683,capsizing,accident
683,shipwreck,accident
683,prang,collision
683,pileup,collision
683,fatal accident,accident
683,concussion,injury
683,smash,collision
683,dismemberment,mutilation
683,collateral damage,accident
683,injury,consequence of an accident or collision
683,mutilation,severe form of injury
684,subsection,section
684,drop-leaf,leaf
684,straightaway,stretch
684,dado,section
684,bend,section
684,hairpin bend,bend
684,length,section
684,elbow,bend
684,blind curve,curve
684,homestretch,stretch
684,stretch,section
685,rebuff,discourtesy
685,aggression,behavior
685,aggravation,behavior
685,snub,discourtesy
685,mock,behavior
685,insolence,discourtesy
685,terrorization,behavior
685,presumption,behavior
685,bullying,aggression
685,dirty pool,behavior
685,aggro,aggression
685,insult,discourtesy
685,scandalization,behavior
685,silent treatment,behavior
685,last straw,behavior
685,twit,insult
685,indelicacy,discourtesy
685,raising hell,behavior
685,derision,insult
685,behavior,self-assertion
685,indignity,discourtesy
685,bitchery,behavior
685,dirty tricks,behavior
685,self-assertion,behavior
685,the way of the world,behavior
686,murderess,murderer
686,ripper,killer
686,patricide,murderer
686,executioner,killer
686,headsman,hangman
686,fratricide,murderer
686,Jack the Ripper,serial killer
686,electrocutioner,killer
686,matricide,murderer
686,Booth,assassin
686,spree killer,mass murderer
686,hatchet man,killer
686,poisoner,murderer
686,Oswald,assassin
686,garroter,killer
686,suicide,killer
686,parricide,murderer
686,cutthroat,killer
686,infanticide,murderer
686,butcher,killer
686,murderer,killer
686,killer,murderer
686,gunman,killer
686,mass murderer,killer
686,assassin,killer
686,serial killer,killer
686,exterminator,killer
686,hangman,executioner
686,regicide,murderer
687,Crockett,frontiersman
687,Standish,Pilgrim
687,frontierswoman,frontiersman
687,Chapman,frontiersman
687,squatter,settler
687,Burk,settler
687,pioneer,settler
687,sourdough,frontiersman
687,Carson,frontiersman
687,Boone,frontiersman
687,Winslow,Pilgrim
687,Williams,Pilgrim
687,Bowie,frontiersman
687,Hutchinson,Pilgrim
687,Minuit,settler
687,Endecott,settler
688,front door,entrance
688,Dutch door,front door
688,side door,entrance
688,service door,entrance
688,back door,entrance
688,stage door,entrance
688,portal,entrance
688,doorway,entrance
688,hatchway,entrance
688,arch,gateway
688,pithead,entrance
688,vomitory,entrance
688,escape hatch,entrance
688,exterior door,entrance
688,porte-cochere,entrance
689,High Renaissance,artistic style
689,baroque,artistic style
689,neoclassicism,artistic style
689,rococo,artistic style
689,Romanticism,artistic style
689,classicism,artistic style
689,High Renaissance,classicism
689,baroque,classicism
689,neoclassicism,classicism
689,rococo,classicism
689,Romanticism,classicism
689,High Renaissance,response
689,baroque,response
689,neoclassicism,response
689,rococo,response
689,Romanticism,response
689,High Renaissance,manner
689,baroque,manner
689,neoclassicism,manner
689,rococo,manner
689,Romanticism,manner
689,High Renaissance,treatment
689,baroque,treatment
689,neoclassicism,treatment
689,rococo,treatment
689,Romanticism,treatment
689,High Renaissance,order
689,baroque,order
689,neoclassicism,order
689,rococo,order
689,Romanticism,order
689,High Renaissance,hang
689,baroque,hang
689,neoclassicism,hang
689,rococo,hang
689,Romanticism,hang
689,High Renaissance,setup
689,baroque,setup
689,neoclassicism,setup
689,rococo,setup
689,Romanticism,setup
689,High Renaissance,fit
689,baroque,fit
689,neoclassicism,fit
689,rococo,fit
689,Romanticism,fit
689,High Renaissance,touch
689,baroque,touch
689,neoclassicism,touch
689,rococo,touch
689,Romanticism,touch
689,High Renaissance,wise
689,baroque,wise
689,neoclassicism,wise
689,rococo,wise
689,Romanticism,wise
689,High Renaissance,form
689,baroque,form
689,neoclassicism,form
689,rococo,form
689,Romanticism,form
689,High Renaissance,drape
689,baroque,drape
689,neoclassicism,drape
689,rococo,drape
689,Romanticism,drape
689,High Renaissance,life style
689,baroque,life style
689,neoclassicism,life style
689,rococo,life style
689,Romanticism,life style
689,High Renaissance,vanity fair
689,baroque,vanity fair
689,neoclassicism,vanity fair
689,rococo,vanity fair
689,Romanticism,vanity fair
689,High Renaissance,fast lane
689,baroque,fast lane
689,neoclassicism,fast lane
689,rococo,fast lane
689,Romanticism,fast lane
689,High Renaissance,common touch
689,baroque,common touch
689,neoclassicism,common touch
689,rococo,common touch
689,Romanticism,common touch
689,High Renaissance,Tuscan order
689,baroque,Tuscan order
689,neoclassicism,Tuscan order
689,rococo,Tuscan order
689,Romanticism,Tuscan order
689,High Renaissance,Ionic order
689,baroque,Ionic order
689,neoclassicism,Ionic order
689,rococo,Ionic order
689,Romanticism,Ionic order
689,High Renaissance,Corinthian order
689,baroque,Corinthian order
689,neoclassicism,Corinthian order
689,rococo,Corinthian order
689,Romanticism,Corinthian order
689,High Renaissance,Doric order
689,baroque,Doric order
689,neoclassicism,Doric order
689,rococo,Doric order
689,Romanticism,Doric order
689,High Renaissance,Composite order
689,baroque,Composite order
689,neoclassicism,Composite order
689,rococo,Composite order
689,Romanticism,Composite order
690,birchbark canoe,canoe
690,outrigger canoe,canoe
690,gig,small boat
690,yawl,small boat
690,jolly boat,small boat
690,scull,rowing boat
690,small boat,rowing boat
690,dugout canoe,canoe
690,dinghy,small boat
690,rowing boat,small boat
690,cockleshell,small boat
690,canoe,small boat
690,kayak,small boat
690,racing boat,small boat
690,racing gig,gig
690,skiff,small boat
690,sampan,small boat
690,wherry,small boat
690,coracle,small boat
690,shell,racing boat
690,racing skiff,skiff
691,torture,maltreatment
691,brutality,maltreatment
691,oppression,maltreatment
691,cruelty,maltreatment
691,outrage,maltreatment
691,atrocity,maltreatment
691,persecution,maltreatment
691,burning,maltreatment
691,pogrom,maltreatment
691,child abuse,maltreatment
691,child neglect,maltreatment
691,judicial torture,torture
691,rack,torture
691,strappado,torture
691,nail pulling,torture
691,bastinado,torture
691,impalement,torture
691,sensory deprivation,torture
691,electric shock,torture
691,sleep deprivation,torture
691,genital torture,torture
691,crucifixion,torture
691,prolonged interrogation,torture
691,kittee,torture
691,kia quen,torture
691,dismemberment,torture
691,rendition,torture
691,picket,torture
692,chicken manure,manure
692,bonemeal,fertilizer
692,neem cake,organic fertilizer
692,fish meal,fertilizer
692,cow manure,manure
692,guano,manure
692,night soil,manure
692,green manure,organic fertilizer
692,horse manure,manure
692,manure,fertilizer
693,arithmetic,branch of mathematics
693,algebra,branch of mathematics
693,analysis,branch of mathematics
693,geometry,branch of mathematics
693,topology,branch of mathematics
693,numerical analysis,branch of analysis
693,Fourier analysis,branch of analysis
693,calculus,branch of analysis
693,Galois theory,branch of algebra
693,group theory,branch of algebra
693,vector algebra,branch of algebra
693,pure mathematics,branch of mathematics
693,metamathematics,branch of mathematics
693,decomposition,concept in mathematics
693,differential calculus,branch of calculus
693,integral calculus,branch of calculus
693,calculus of variations,branch of calculus
693,elementary geometry,branch of geometry
693,analytic geometry,branch of geometry
693,affine geometry,branch of geometry
693,projective geometry,branch of geometry
693,non-Euclidean geometry,branch of geometry
693,spherical geometry,branch of geometry
693,hyperbolic geometry,branch of geometry
693,elliptic geometry,branch of geometry
693,fractal geometry,branch of geometry
693,plane geometry,branch of geometry
693,spherical trigonometry,branch of trigonometry
693,set theory,branch of mathematics
693,linear algebra,branch of algebra
693,matrix algebra,branch of algebra
693,quadratics,concept in algebra
693,trigonometry,branch of mathematics
693,triangulation,concept in geometry
693,affine geometry,branch of geometry
693,algorism,concept in mathematics
694,strain gauge,gauge
694,depth gauge,gauge
694,wire gauge,gauge
694,gasoline gauge,gauge
694,vacuum gauge,gauge
694,water gauge,gauge
694,pressure gauge,gauge
694,surface gauge,gauge
694,rain gauge,gauge
694,manometer,gauge
694,sphygmomanometer,gauge
694,anemometer,gauge
694,water level,gauge
694,tensimeter,gauge
694,dipstick,gauge
695,deterioration,decline
695,slippage,slump
695,epilation,loss
695,sinking spell,decline
695,erosion,decline
695,nosedive,decline
695,detumescence,decline
695,ebb,decline
695,psilosis,decline
695,reducing,decline
695,loss,decline
696,embargo,trade barrier
696,protectionism,trade barrier
696,perestroika,economic policy
696,New Deal,economic policy
696,price control,control
696,wage floor,floor
696,price floor,floor
696,glass ceiling,ceiling
696,quota,trade barrier
696,fiscal policy,economic policy
696,economic policy,control
696,control,floor
696,ceiling,trade barrier
697,light,radiance
697,beam,light
697,moonlight,light
697,starlight,light
697,sunlight,light
697,lamplight,light
697,torchlight,light
697,gaslight,light
697,firelight,light
697,candlelight,light
697,friar's lantern,light
697,daylight,light
697,moonbeam,light
697,sunbeam,light
697,streamer,light
697,sky glow,light
697,counterglow,light
697,half-light,light
697,twilight,light
697,corona,light
697,sunburst,light
697,bolide,light
697,meteor,light
697,glow,light
697,aureole,light
697,autofluorescence,fluorescence
697,chemiluminescence,luminescence
697,phosphorescence,luminescence
697,bioluminescence,luminescence
697,incandescence,luminescence
697,scintillation,luminescence
697,fluorescence,luminescence
697,infrared ray,light
697,heat ray,light
697,low beam,beam
697,high beam,beam
697,laser beam,beam
698,dip,gymnastic exercise
698,hang,gymnastic exercise
698,kip,gymnastic exercise
698,handstand,gymnastic exercise
698,grand circle,gymnastic exercise
698,straddle,gymnastic exercise
698,scissors,gymnastic exercise
698,bent hang,hang
698,lever hang,hang
698,straight hang,hang
698,piked reverse hang,hang
698,inverted hang,hang
698,double leg circle,hang
698,crucifix,hang
698,reverse hang,hang
698,long fly,hang
699,differential equation,mathematical statement
699,exponential equation,exponential expression
699,linear equation,differential equation
699,biquadratic equation,quadratic equation
699,equation,mathematical statement
699,quadratic equation,differential equation
699,regression equation,mathematical statement
699,Schrodinger equation,differential equation
699,formula,mathematical statement
699,wave equation,differential equation
699,sentential function,mathematical statement
699,Maxwell's equations,differential equation
699,simultaneous equations,mathematical statement
699,partial differential equation,differential equation
699,primitive,mathematical statement
700,devastation,ruin
700,decay,deterioration
700,putrescence,decay
700,wear,deterioration
700,fragmentation,decomposition
700,putrefaction,decay
700,corrosion,deterioration
700,blight,ruin
700,rancidity,decay
700,deterioration,decay
700,decrepitude,deterioration
701,brown rice,rice
701,cracked wheat,wheat
701,pearl barley,barley
701,paddy,rice
701,pearl hominy,hominy
701,popcorn,corn
701,lye hominy,hominy
701,sweet corn,corn
701,wild rice,rice
701,white rice,rice
701,groats,grain
701,wort,malt
701,bulgur,wheat
701,grist,grain
701,millet,grain
701,oat,grain
702,balloon bomb,bomb
702,neutron bomb,bomb
702,atom bomb,bomb
702,hydrogen bomb,bomb
702,stink bomb,bomb
702,gas shell,bomb
702,thermobaric bomb,bomb
702,grenade,bomb
702,smart bomb,bomb
702,incendiary bomb,bomb
702,plastic bomb,bomb
702,car bomb,bomb
702,megaton bomb,bomb
702,chemical bomb,bomb
702,general-purpose bomb,bomb
702,microwave bomb,bomb
702,rifle grenade,bomb
702,depth charge,bomb
702,bombshell,bomb
702,cruise missile,bomb
702,bomblet,bomb
702,time bomb,bomb
702,letter bomb,bomb
702,hand grenade,bomb
702,fragmentation bomb,bomb
702,pipe bomb,bomb
702,Big Blue,bomb
702,dumb bomb,bomb
702,penetration bomb,bomb
702,laser-guided bomb,bomb
702,Bunker Buster,bomb
702,cluster bomb,bomb
702,blockbuster,bomb
702,dirty bomb,bomb
702,briefcase bomb,bomb
702,smoke bomb,bomb
702,clean bomb,bomb
702,bombie,bomb
702,remote-control bomb,bomb.
703,ham sandwich,sandwich
703,cheeseburger,hamburger
703,bacon-lettuce-tomato sandwich,sandwich
703,hotdog,sandwich
703,chicken sandwich,sandwich
703,Reuben,sandwich
703,club sandwich,sandwich
703,tunaburger,hamburger
703,snack food,chip
703,nacho,chip
703,tortilla chip,chip
703,corn chip,chip
703,potato skin,chip
703,wrap,sandwich
703,chili dog,hotdog
703,butty,sandwich
703,Sloppy Joe,sandwich
703,western,sandwich
703,bomber,sandwich
703,open-face sandwich,sandwich
703,gyro,sandwich
704,Sitting Bull,Sioux
704,Rain-in-the-Face,Sioux
704,Red Cloud,Sioux
704,Crazy Horse,Sioux
704,Dakota,Sioux
704,Teton,Sioux
704,Hunkpapa,Sioux
704,Oglala,Sioux
704,Brule,Sioux
704,Sihasapa,Sioux
704,Missouri,Sioux
704,Omaha,Sioux
704,Kansa,Sioux
704,Ponca,Sioux
704,Catawba,Sioux
704,Santee,Sioux
704,Miniconju,Sioux
704,Osage,Sioux
704,Iowa,Sioux
704,Ofo,Sioux
704,Oto,Sioux
704,Tutelo,Sioux
704,Biloxi,Sioux
704,Dhegiha,Sioux
704,Two Kettle,Sioux
704,Winnebago,Sioux
704,Quapaw,Sioux
704,Crow,Sioux
705,tampon,plug
705,drainplug,plug
705,bung,plug
705,cork,plug
705,tampion,plug
705,blockage,plug
705,earplug,plug
705,vapor lock,blockage
705,fipple,plug
705,tap,plug
705,breechblock,plug
706,gable,wall
706,sidewall,wall
706,cavity wall,wall
706,bell gable,gable
706,chimney breast,wall
706,partition,wall
706,purdah,partition
706,bearing wall,wall
706,firewall,wall
706,proscenium,wall
706,brattice,wall
706,corbie gable,gable
706,pediment,gable
706,parapet,wall
706,rood screen,screen
706,altarpiece,screen
706,wainscoting,wall
706,Hadrian's Wall,wall
706,attic,wall
706,screen,wall
706,wall,bulkhead
706,Wailing Wall,wall
707,legume,pod
707,peanut,legume
707,loment,pod
707,screw bean,legume
707,pea,legume
707,lentil,legume
707,chickpea,legume
707,okra,legume
707,cowpea,legume
707,garden pea,pea
707,field pea,pea
708,topical anesthesia,local anesthesia
708,acroanesthesia,regional anesthesia
708,twilight sleep,general anesthesia
708,spinal anesthesia,conduction anesthesia
708,conduction anesthesia,regional anesthesia
708,anesthesia,general anesthesia
708,caudal anesthesia,regional anesthesia
708,paracervical block,regional anesthesia
708,regional anesthesia,anesthesia
708,epidural anesthesia,regional anesthesia
708,cryoanesthesia,local anesthesia
708,pudendal block,regional anesthesia
708,saddle block anesthesia,regional anesthesia
708,local anesthesia,anesthesia
708,inhalation anesthesia,general anesthesia
708,general anesthesia,anesthesia
709,organic light-emitting diode,light-emitting diode
709,gene chip,memory chip
709,read-only memory chip,memory chip
709,thermistor,semiconductor device
709,transistor,semiconductor device
709,microprocessor,semiconductor device
709,diode,semiconductor device
709,biochip,memory chip
709,n-type semiconductor,semiconductor device
709,field-effect transistor,transistor
709,p-n-p transistor,transistor
709,p-type semiconductor,semiconductor device
709,memory chip,chip
709,light-emitting diode,chip
709,semiconductor device,chip
709,transistor,chip
709,diode,chip
710,bow tie,necktie
710,bolo tie,neckwear
710,necktie,neckwear
710,cravat,neckwear
710,Windsor tie,necktie
710,black tie,neckwear
710,white tie,neckwear
710,string tie,bolo tie
710,neckwear,neckcloth
710,ascot,cravat
710,old school tie,necktie
710,neckcloth,neckwear
710,four-in-hand,necktie
711,hourglass,timepiece
711,stopwatch,timepiece
711,electric clock,timepiece
711,Big Ben,clock
711,egg timer,timer
711,digital watch,timepiece
711,chronograph,timepiece
711,timer,timepiece
711,digital clock,timepiece
711,wall clock,clock
711,system clock,clock
711,time clock,clock
711,grandfather clock,clock
711,ammonia clock,clock
711,sandglass,hourglass
711,parking meter,timer
711,watch,timepiece
711,analog watch,watch
711,cuckoo clock,clock
711,alarm clock,clock
711,wristwatch,watch
711,analog clock,clock
711,pocket watch,watch
711,atomic clock,clock
711,chronometer,timepiece
711,stem-winder,pocket watch
711,water clock,clock
711,caesium clock,atomic clock
711,clock,timepiece
711,pendulum watch,pocket watch
711,turret clock,clock
711,hunter,pocket watch
711,pendulum clock,clock
711,sundial,timepiece
712,fieri facias,execution
712,court order,writ
712,speeding ticket,ticket
712,cachet,ticket
712,reprieve,pardon
712,subpoena,summons
712,death warrant,warrant
712,subpoena duces tecum,subpoena
712,gag order,court order
712,monition,court order
712,garnishment,attachment
712,writ of right,writ
712,parking ticket,ticket
712,writ of election,writ
712,divestiture,attachment
712,commutation,pardon
712,citation,ticket
712,summons,ticket
712,writ of detinue,writ
712,interdict,court order
712,warrant,court order
712,writ of error,writ
712,bench warrant,warrant
712,scire facias,writ
712,certiorari,writ
712,writ of prohibition,writ
712,habeas corpus,writ
712,venire facias,writ
712,sequestration,attachment
712,search warrant,warrant
712,assize,court order
713,fogbank,fog
713,haze,fog
713,ice fog,fog
713,fog,cloud
713,mist,fog
713,pea soup,fog
713,cloud,nebula
713,diffuse nebula,nebula
713,planetary nebula,nebula
713,aerosol,fog
713,dust cloud,cloud
713,smoke,fog
713,cosmic dust,dust cloud
713,coma,nebula
713,mushroom,cloud
713,gun smoke,smoke
714,goal,purpose
714,aim,goal
714,intention,purpose
714,will,purpose
714,final cause,purpose
714,view,purpose
714,mind,purpose
714,thing,purpose
714,no-goal,purpose
714,destination,purpose
714,occasion,purpose
714,purpose,point
714,bourn,purpose
714,end-all,purpose
714,cross-purpose,purpose
714,grail,purpose
714,sake,purpose
714,business,purpose
715,curtain,blind
715,safety curtain,curtain
715,frontal,curtain
715,theater curtain,curtain
715,shower curtain,curtain
715,window shade,blind
715,roller blind,blind
715,Venetian blind,blind
715,jalousie,blind
715,shutter,blind
715,winker,blind
715,deadlight,blind
715,festoon,curtain
715,drop curtain,curtain
715,window blind,blind
716,wild card,unknown quantity
716,intrinsic factor,factor
716,etiology,cause
716,antecedent,cause
716,fundamental,parameter
716,parameter,factor
716,cause,factor
716,growth hormone-releasing factor,releasing factor
716,insertional mutagenesis,mutagenesis
716,producer,factor
717,conservation,fundamental
717,conservation of charge,conservation
717,conservation of momentum,conservation
717,conservation of mass,conservation
717,conservation of energy,conservation
717,law,dictate
717,divine law,law
717,reality principle,principle
717,pleasure principle,principle
717,logic,principle
717,Tao,principle
717,parity,principle
717,rudiment,fundamental
717,sound law,law
717,Verner's law,sound law
717,Grimm's law,sound law
717,insurrectionism,principle
718,northern sea robin,sea robin
718,miller's-thumb,sculpin
718,lingcod,greenling
718,pogge,sea robin
718,grubby,sculpin
718,bullhead,sculpin
718,kelp greenling,greenling
718,sea raven,armored searobin
718,gurnard,sea robin
718,tub gurnard,gurnard
718,flathead,armored searobin
718,rosefish,scorpionfish
718,scorpaenid,scorpionfish
718,plumed scorpionfish,scorpionfish
718,greenling,fish
718,armored searobin,sea robin
718,rockfish,fish
718,flying gurnard,gurnard
718,painted greenling,greenling
718,alligatorfish,scorpionfish
718,snailfish,fish
718,copper rockfish,rockfish
718,vermillion rockfish,rockfish
718,red rockfish,rockfish
718,lumpfish,lumpsucker
718,lumpsucker,fish
718,stonefish,scorpionfish
719,handloom,loom
719,power loom,loom
719,Jacquard loom,loom
719,spinning jenny,spinning machine
719,spinning frame,spinning machine
719,throstle,spinning machine
719,sewing machine,textile machine
719,carpet loom,loom
719,low-warp loom,loom
719,high-warp loom,loom
719,figure loom,loom
719,spinning wheel,textile machine
719,willow,textile machine
719,serger,sewing machine
719,knitting machine,textile machine
720,aphasia,brain disorder
720,epilepsy,brain disorder
720,Wernicke's aphasia,aphasia
720,visual aphasia,aphasia
720,transcortical aphasia,aphasia
720,procursive epilepsy,epilepsy
720,agraphia,aphasia
720,musicogenic epilepsy,epilepsy
720,sensory epilepsy,epilepsy
720,visual agnosia,agnosia
720,status epilepticus,epilepsy
720,paralysis agitans,brain disorder
720,astereognosis,agnosia
720,grand mal epilepsy,epilepsy
720,psychomotor epilepsy,epilepsy
720,apraxia,agnosia
720,agnosia,aphasia
720,acataphasia,aphasia
720,cerebral palsy,brain disorder
720,auditory agnosia,agnosia
720,photogenic epilepsy,epilepsy
720,Creutzfeldt-Jakob disease,brain disorder
720,auditory aphasia,aphasia
720,cortical epilepsy,epilepsy
720,akinetic epilepsy,epilepsy
720,Reye's syndrome,brain disorder
720,petit mal epilepsy,epilepsy
720,reflex epilepsy,epilepsy
720,nominal aphasia,aphasia
720,Wernicke's encephalopathy,brain disorder
720,motor aphasia,aphasia
720,conduction aphasia,aphasia
720,myoclonus epilepsy,epilepsy
720,tonic epilepsy,epilepsy
720,global aphasia,aphasia
720,posttraumatic epilepsy,epilepsy
720,Jacksonian epilepsy,epilepsy
721,oboe da caccia,double-reed instrument
721,English horn,oboe
721,krummhorn,double-reed instrument
721,musette pipe,double-reed instrument
721,bassoon,double-reed instrument
721,oboe,double-reed instrument
721,contrabassoon,bassoon
721,tenoroon,bassoon
721,oboe d'amore,oboe
721,heckelphone,bassoon
721,shawm,double-reed instrument
721,bombardon,contrabassoon
722,reception,party
722,soiree,party
722,open house,party
722,slumber party,party
722,levee,party
722,ball,party
722,gaudy,party
722,masquerade,party
722,bachelor party,party
722,dance,party
722,wedding,party
722,shower,party
722,garden party,party
722,housewarming,party
722,masked ball,party
722,hen party,party
722,wedding reception,reception
722,reunion,party
722,shindig,party
722,at home,reception
722,tea,party
722,dinner,party
722,beanfeast,party
722,stag party,party
722,musical soiree,soiree
722,banquet,party
723,glimpse,sight
723,side view,view
723,profile,view
723,background,view
723,visual field,field
723,operative field,field
723,microscopic field,field
723,visual percept,sight
723,middle distance,view
723,foreground,view
723,exposure,view
723,coast,tableau
723,eye candy,visual percept
724,colander,sieve
724,sifter,sieve
724,tea-strainer,sieve
724,drain basket,colander
724,filter bed,filter
724,filter,sieve
724,air filter,filter
724,water filter,filter
724,fuel filter,filter
724,oil filter,filter
724,coffee filter,filter
724,filter tip,filter
724,light filter,filter
724,bacteria bed,filter
724,diatomaceous earth,filter
724,glass wool,filter
725,payroll,entry
725,adjusting entry,entry
725,control account,entry
725,debit,side
725,credit,side
725,debit side,side
725,credit side,side
725,cash basis,accounting
725,accrual basis,accounting
725,register,accounting
725,financial audit,accounting
725,limited audit,accounting
725,analytical review,review
725,pooling of interest,accounting
725,inventory,accounting
725,audited account,accounting
725,review,accounting
725,entry,accounting
726,ridge,head
726,spur,ridge
726,mogul,ridge
726,occipital protuberance,head
726,widow's peak,head
726,keel,ridge
726,point,head
726,belly,head
726,convex shape,head
726,bulge,head
726,umbo,head
726,salient,head
726,raphe,head
726,nub,head
726,caput,head
726,wart,head
726,jag,head
726,projection,head
726,camber,ridge
726,entasis,ridge
726,frontal eminence,head
726,tongue,head
726,tail,head
726,palatine raphe,head
726,cusp,spur
726,corrugation,ridge
726,node,head
726,snag,ridge
727,San Andreas Fault,thrust fault
727,Denali Fault,thrust fault
727,strike-slip fault,fault
727,normal fault,fault
727,inclined fault,fault
727,fault,split
727,crack,split
727,crevasse,split
727,rift,split
727,slit,split
727,fatigue crack,crack
727,chap,crack
727,chink,crack
727,vent,crack
728,wordbook,vocabulary
728,desk dictionary,dictionary
728,word finder,dictionary
728,pocket dictionary,dictionary
728,unabridged dictionary,dictionary
728,bilingual dictionary,dictionary
728,gazetteer,dictionary
728,spell-checker,dictionary
728,onomasticon,dictionary
728,etymological dictionary,dictionary
728,Oxford English Dictionary,dictionary
728,thesaurus,dictionary
728,glossary,dictionary
728,learner's dictionary,dictionary
729,stepdaughter,daughter
729,godson,son
729,stillborn infant,dead baby
729,baby,liveborn infant
729,nursling,baby
729,godchild,child
729,male offspring,son
729,papoose,baby
729,child,offspring
729,daughter,female offspring
729,stepchild,child
729,neonate,baby
729,army brat,child
729,premature baby,liveborn infant
729,low-birth-weight baby,premature baby
729,goddaughter,daughter
729,test-tube baby,liveborn infant
729,stepson,son
729,blue baby,liveborn infant
729,Esau,male offspring
729,foundling,liveborn infant
729,liveborn infant,baby
729,son,male offspring
729,Junior,son
729,term infant,liveborn infant
729,cherub,baby
729,mother's boy,son
730,twilight,sunset
730,dawn,sunrise
730,sunset,twilight
730,nones,canonical hour
730,matins,canonical hour
730,vespers,canonical hour
730,compline,canonical hour
730,none,canonical hour
730,terce,canonical hour
730,sext,canonical hour
730,prime,canonical hour
730,breakfast time,mealtime
730,lunchtime,mealtime
730,dinnertime,mealtime
730,mealtime,clock time
730,small hours,late-night hour
730,late-night hour,hour
730,early-morning hour,hour
730,happy hour,clock time
730,closing time,clock time
730,rush hour,clock time
730,lights-out,bedtime
730,bedtime,clock time
730,spacecraft clock time,clock time
730,zero hour,hour
730,noon,hour
730,midnight,hour
730,prime time,hour
731,bracteole,bract
731,husk,shell
731,glume,lemma
731,cornhusk,husk
731,pod,shell
731,pea pod,pod
731,nutshell,shell
731,hull,shell
731,spathe,bract
731,epicalyx,involucre
731,bract,involucre
731,involucre,bract
732,loop,flight maneuver
732,clinch,flight maneuver
732,bank,flight maneuver
732,roll,flight maneuver
732,snap roll,flight maneuver
732,maneuver,flight maneuver
732,slip,flight maneuver
732,outside loop,flight maneuver
732,vertical bank,flight maneuver
732,chandelle,flight maneuver
732,straight-arm,flight maneuver
732,inside loop,flight maneuver
732,barrel roll,flight maneuver.
733,wood,golf club
733,metal wood,wood
733,iron,golf club
733,driver,wood
733,brassie,wood
733,long iron,iron
733,driving iron,iron
733,midiron,iron
733,short iron,iron
733,pitching wedge,wedge
733,sand wedge,wedge
733,mashie niblick,wedge
733,mashie,iron
733,spoon,wood
733,putter,golf club
733,niblick,iron
734,heating,temperature change
734,thaw,temperature change
734,freeze-drying,freeze
734,freeze,temperature change
734,refrigeration,cooling
734,radiant heating,heating
734,induction heating,heating
734,boiling,temperature change
734,decoction process,heating
734,convection,temperature change
734,freeze,thaw
734,thaw,freeze
734,advection,temperature change
734,frost,freeze
734,meltdown,temperature change
734,heat dissipation,temperature change
734,refrigeration,temperature change
734,climate change,global warming
734,global warming,climate change
734,overheating,temperature change
735,academic gown,gown
735,Geneva gown,gown
735,humeral veil,vestment
735,surplice,vestment
735,alb,vestment
735,pontifical,vestment
735,soutane,vestment
735,pallium,vestment
735,chasuble,vestment
735,cassock,vestment
736,passage,phrase
736,cadence,passage
736,cadenza,passage
736,ligature,passage
736,ground bass,passage
736,riff,passage
736,ostinato,passage
736,recitative,passage
736,arioso,passage
736,transition,passage
736,intro,passage
736,plagal cadence,cadence
736,impromptu,passage
736,largo,passage
736,andante,passage
736,adagio,passage
736,allegretto,passage
736,allegro,passage
737,backbend,acrobatic stunt
737,split,acrobatic stunt
737,headstand,acrobatic stunt
737,back circle,acrobatic stunt
737,flip-flop,acrobatic stunt
737,handspring,acrobatic stunt
737,tumble,acrobatic stunt
737,somersault,acrobatic stunt
737,walkover,acrobatic stunt
737,cartwheel,acrobatic stunt.
738,interplay,interaction
738,brush,contact
738,placement,interchange
738,cross-fertilization,reciprocity
738,contact,interaction
738,dealings,relation
738,interchange,interaction
738,relation,interaction
738,reciprocity,interaction
738,eye contact,contact
739,agglomeration,centralization
739,compilation,collection
739,collation,collection
739,tax collection,collection
739,garbage collection,collection
739,numismatics,collection
739,pickup,collection
739,aerophilately,collection
739,collection,gather
739,bottle collection,collection
739,centralization,gather
739,conchology,collection
739,harvest,gather
739,philately,collection
739,haying,gather
740,capability,ability
740,totipotency,ability
740,magical ability,ability
740,physical ability,ability
740,fitness,ability
740,linguistic competence,competence
740,immunocompetence,competence
740,proficiency,competence
740,sensitivity,competence
740,adaptability,capability
740,associability,capability
740,defensibility,capability
740,flexibility,capability
740,interoperability,capability
740,executability,capability
740,defensiveness,capability
740,perceptiveness,capability
740,penetrability,capability
740,adaptability,capability
740,form,capability
740,wiggle room,capability
740,overkill,capability
740,Midas touch,capability
740,lung-power,capability
740,pliability,capability
740,astringency,capability
740,envelope,form
740,voice,form
740,antenna,form
740,firepower,military capability
740,sea power,military capability
740,military capability,capability
740,operating capability,capability
740,bunker mentality,capability
740,contractility,capability
740,capacity,capability
740,ability,capability
740,fitness,capability
740,defensiveness,capability
740,sensitivity,capability
741,agar,gelatinous exudate
741,mesquite gum,gum
741,gutta-percha,natural rubber
741,dragon's blood,resinous exudate
741,hard rubber,vulcanized rubber
741,ammoniac,gum
741,chicle,gum
741,frankincense,resinous exudate
741,crepe rubber,rubber
741,mucilage,gum
741,cold rubber,rubber
741,Para rubber,rubber
741,latex,rubber
741,algin,gum
741,ghatti,gum
741,rubber,natural polymer
741,sangapenum,resinous exudate
741,kino,gum
741,gum butea,gum
741,gum arabic,gum
741,guar gum,gum
741,sterculia gum,gum
741,eucalyptus gum,gum
741,foam rubber,rubber
741,opopanax,resinous exudate
741,carrageenin,gum
741,cherry-tree gum,gum
741,lacquer,resinous exudate
741,galbanum,resinous exudate
741,Senegal gum,gum
741,conima,resinous exudate
741,tragacanth,gum
741,balata,rubber
741,euphorbium,resinous exudate
741,sweet gum,gum
742,thyroid gland,endocrine gland
742,islands of Langerhans,endocrine gland
742,gonad,endocrine gland
742,pars intermedia,anterior pituitary
742,pineal gland,endocrine gland
742,anterior pituitary,pituitary
742,ovotestis,gonad
742,pars distilis,anterior pituitary
742,thymus gland,endocrine gland
742,cobblers,undescended testis
742,ovary,gonad
742,undescended testis,testis
742,posterior pituitary,pituitary
742,corpus luteum,ovary
742,adrenal gland,endocrine gland
742,prostate gland,endocrine gland
742,parathyroid gland,endocrine gland
742,adrenal cortex,adrenal gland
742,testis,gonad
742,pituitary,endocrine gland
742,adrenal medulla,adrenal gland
743,magnetic resonance imaging,imaging technique
743,B-scan ultrasonography,ultrasonography technique
743,blood-oxygenation level dependent functional magnetic resonance imaging,functional magnetic resonance imaging technique
743,X-raying,imaging technique
743,sonography,imaging technique
743,radioscopy,imaging technique
743,fluoroscopy,imaging technique
743,A-scan ultrasonography,ultrasonography technique
743,computerized tomography,imaging technique
743,positron emission tomography,imaging technique
743,imaging,technique.
744,moocher,beggar
744,panhandler,beggar
744,beggarman,beggar
744,sannyasi,beggar
744,beggarwoman,beggar
744,derelict,beggar
744,schnorrer,beggar
744,starveling,beggar
744,Lazarus,beggar
744,pauper,beggar
745,questioning,interrogation
745,interview,questioning
745,direct examination,interview
745,challenge,questioning
745,deposition,questioning
745,job interview,interview
745,redirect examination,direct examination
745,telephone interview,interview
745,cross-examination,questioning
745,inquisition,interrogation
745,third degree,interrogation
745,debriefing,interview
745,catechism,questioning
745,interrogation,questioning
746,factorization,analysis
746,cost-benefit analysis,analysis
746,trend analysis,analysis
746,systems analysis,analysis
746,resolution,analysis
746,breakdown,dissection
746,elimination,reductionism
746,reductionism,dissection
746,diagonalization,reductionism
746,dissection,analysis
747,insecticide,pesticide
747,acaricide,pesticide
747,larvacide,pesticide
747,pediculicide,pesticide
747,spray,pesticide
747,sheep dip,pesticide
747,lead arsenate,arsenical
747,organophosphate,pesticide
747,pyrethrum,pesticide
747,dichlorodiphenyltrichloroethane,organophosphate
747,Malathion,organophosphate
747,lindane,organophosphate
747,chlorpyrifos,organophosphate
747,rotenone,pesticide
747,phosphine,pesticide
747,arsenical,pesticide
747,parathion,organophosphate
747,Paris green,arsenical
747,Kwell,pediculicide
748,paraffin,hydrocarbon
748,chloroprene,hydrocarbon
748,coal tar,pitch
748,benzene formula,benzene
748,ethane,hydrocarbon
748,provitamin A,provitamin
748,pyrene,aromatic compound
748,aromatic compound,aromatic hydrocarbon
748,beta-carotene,provitamin A
748,dioxin,aromatic compound
748,naphthalene,aromatic hydrocarbon
748,butadiene,hydrocarbon
748,bitumen,pitch
748,aromatic hydrocarbon,hydrocarbon
748,benzene,aromatic hydrocarbon
748,naphtha,hydrocarbon
748,unleaded gasoline,gasoline
748,limonene,terpene
748,hydrocarbon,compound
748,kerosene,hydrocarbon
748,pitch,compound
748,gasoline,hydrocarbon
748,napalm,gasoline
748,cymene,hydrocarbon
748,gasohol,gasoline
748,gas oil,hydrocarbon
748,chlorobenzene,benzene
748,indene,hydrocarbon
748,terpene,hydrocarbon
748,leaded gasoline,gasoline
748,provitamin,compound
748,octane,hydrocarbon
748,liquefied petroleum gas,hydrocarbon
749,partial eclipse,lunar eclipse
749,total eclipse,lunar eclipse
749,annular eclipse,lunar eclipse
749,solar eclipse,eclipse
749,interruption,suspension
749,resolution,interruption
749,remission,defervescence
749,defervescence,remission
749,punctuation,interruption
749,dislocation,interruption
749,eclipse,interruption
749,suspension,interruption
750,nastiness,unpleasantness
750,hatefulness,nastiness
750,frightfulness,nastiness
750,gruffness,unpleasantness
750,blatancy,unpleasantness
750,awfulness,unpleasantness
750,harshness,unpleasantness
750,beastliness,nastiness
750,offensiveness,nastiness
750,loathsomeness,nastiness
750,ghastliness,frightfulness
751,defamation,name calling
751,libel,defamation
751,slander,defamation
751,mud,smear
751,smear,defamation
751,character assassination,defamation
751,aspersion,defamation
751,denigration,defamation
751,disparagement,defamation
751,ethnic slur,name calling
751,condescension,denigration
751,sour grapes,detraction
751,cold water,detraction
751,smear word,name calling
752,claimant,petitioner
752,possible,probable
752,submitter,applicant
752,solicitor,fundraiser
752,job candidate,applicant
752,postulant,aspirant
752,Pretender,claimant
752,besieger,bidder
752,material,fundraiser
752,petitioner,claimant
752,probable,possible
752,aspirant,applicant
752,fundraiser,bidder
752,bidder,claimant
753,foam,spume
753,white water,foam
753,shaving foam,foam
753,head,foam
753,bubble,foam
753,shaving cream,foam
753,soapsuds,foam
753,lather,foam
753,air bubble,bubble
753,soap bubble,bubble
754,knitter,needleworker
754,cloakmaker,garmentmaker
754,sewer,stitcher
754,embroideress,embroiderer
754,tailor,garmentmaker
754,sewing-machine operator,stitcher
754,tucker,dressmaker
754,fitter,garmentmaker
754,embroiderer,needleworker
754,baster,stitcher
754,dressmaker,garmentmaker
754,stitcher,needleworker
754,outfitter,garmentmaker
754,edger,stitcher
754,Ross,tailor
755,compass saw,handsaw
755,keyhole saw,handsaw
755,folding saw,handsaw
755,bill,pruning saw
755,hacksaw,handsaw
755,crown saw,handsaw
755,pitsaw,handsaw
755,pruning saw,saw
755,bucksaw,handsaw
755,two-handed saw,saw
755,coping saw,handsaw
755,crosscut saw,saw
755,backsaw,handsaw
755,ripsaw,saw
755,saw,tool
755,pruner,pruning saw
756,rug,floor cover
756,runner,floor cover
756,numdah,rug
756,hearthrug,rug
756,scatter rug,rug
756,Kurdistan,rug
756,prayer rug,rug
756,stair-carpet,rug
756,mat,floor cover
756,broadloom,floor cover
756,red carpet,rug
756,Wilton,floor cover
756,doormat,mat
756,Brussels carpet,floor cover
756,shag rug,rug
756,parquetry,floor cover
756,drugget,rug
756,flying carpet,rug
757,ascospore,spore
757,chlamydospore,spore
757,oospore,spore
757,megaspore,spore
757,carpospore,spore
757,resting spore,spore
757,zoospore,spore
757,microspore,spore
757,basidiospore,spore
757,teliospore,spore
757,endospore,spore
757,zygospore,spore
757,conidium,spore
757,agamete,spore
757,tetraspore,spore
757,aeciospore,spore
757,spore,pollen
757,pollen,fern seed
757,ragweed pollen,pollen
757,pollinium,pollen
757,fern seed,spore
758,phobia,simple phobia
758,lepidophobia,phobia
758,cryophobia,phobia
758,gynophobia,phobia
758,algophobia,phobia
758,aquaphobia,phobia
758,photophobia,phobia
758,hydrophobia,phobia
758,satanophobia,phobia
758,nyctophobia,phobia
758,astraphobia,phobia
758,mysophobia,phobia
758,acrophobia,phobia
758,social phobia,phobia
758,triskaidekaphobia,phobia
758,xenophobia,phobia
758,musophobia,phobia
758,taphephobia,phobia
758,claustrophobia,phobia
758,ailurophobia,phobia
758,neophobia,phobia
758,traumatophobia,phobia
758,phonophobia,phobia
758,androphobia,phobia
758,thanatophobia,phobia
758,phobophobia,phobia
758,cynophobia,phobia
758,automysophobia,phobia
758,zoophobia,phobia
758,pyrophobia,phobia
758,acarophobia,phobia
758,cyberphobia,phobia
758,school phobia,phobia
758,entomophobia,phobia
758,arachnophobia,phobia
758,agoraphobia,phobia
758,hypnophobia,phobia
759,mountain trail,trail
759,Chisholm Trail,cattle trail
759,deer trail,trail
759,horse-trail,trail
759,cattle trail,trail
759,Santa Fe Trail,trail
759,ski run,trail
759,Iditarod Trail,trail
759,track,trail
759,portage,trail
759,piste,ski run
759,trail,track
759,Indian trail,trail
760,omega-6 fatty acid,polyunsaturated fatty acid
760,linoleic acid,omega-6 fatty acid
760,oleic acid,monounsaturated fatty acid
760,elaidic acid,unsaturated fatty acid
760,linolenic acid,omega-3 fatty acid
760,alpha-linolenic acid,linolenic acid
760,docosahexaenoic acid,omega-3 fatty acid
760,eicosapentaenoic acid,omega-3 fatty acid
760,ricinoleic acid,unsaturated fatty acid
760,eleostearic acid,unsaturated fatty acid
760,unsaturated fatty acid,fatty acid
760,omega-3 fatty acid,polyunsaturated fatty acid
760,monounsaturated fatty acid,unsaturated fatty acid
